,castIn_U0,,status1.csv
,conv1_U0,,status2.csv
,pool1_U0,,status3.csv
,conv2_U0,,status4.csv
,pool2_U0,,status5.csv
,conv3_U0,,status6.csv
,pool3_U0,,status7.csv
,castOut_U0,,status8.csv
,AESL_inst_encode,,module_status1.csv
pool1_U0,grp_sp_pool_ap_fixed_32_6_5_3_0_s_fu_1810,,module_status2.csv
pool2_U0,grp_sp_pool_ap_fixed_32_6_5_3_0_1_fu_466,,module_status3.csv
pool3_U0,grp_sp_pool_ap_fixed_32_6_5_3_0_2_fu_274,,module_status4.csv
pool3_U0.grp_sp_pool_ap_fixed_32_6_5_3_0_2_fu_274,grp_sp_pool_ap_fixed_32_6_5_3_0_2_Pipeline_PHeight_PWidth_fu_1328,,module_status5.csv
